<beans xmlns="http://www.springframework.org/schema/beans"
	xmlns:xsi="http://www.w3.org/2001/XMLSchema-instance"
	xmlns:context="http://www.springframework.org/schema/context"
	
	xsi:schemaLocation="http://www.springframework.org/schema/beans
	http://www.springframework.org/schema/beans/spring-beans.xsd
	http://www.springframework.org/schema/context
	http://www.springframework.org/schema/context/spring-context.xsd"> 
	
	<context:component-scan base-package="com.nt"/>

	<!--SPRING MVC VIEW CONFIGURATION  -->
	<bean id="viewResolver" class="org.springframework.web.servlet.view.InternalResourceViewResolver">
	<property name="prefix" value="/" />
	<property name="suffix" value=".jsp" />
	</bean>	
	<!--DATABASE PROPERTIES  -->
	<bean id="ds" class="org.springframework.jdbc.datasource.DriverManagerDataSource">
	<property name="driverClassName" value="com.mysql.jdbc.Driver"/>
	<property name="url" value="jdbc:mysql://localhost:3306/haridb1"/>
	<property name="username" value="root"/>
	<property name="password" value="root"/>
	</bean>
	<!-- HIBERNATE DEPENDENCIES -->
	<bean id="ht" class="org.springframework.orm.hibernate3.HibernateTemplate">
	<property name="sessionFactory" ref="sessionFactory"/>
	</bean>
	
	<bean id="sessionFactory" class="org.springframework.orm.hibernate3.annotation.AnnotationSessionFactoryBean">
	<property name="dataSource" ref="ds"/>

	<!-- properties class config -->
	<property name="annotatedClasses">
	<list>
	<value>com.nt.bean.Student</value>
	</list>
	</property>
	<property name="hibernateProperties">
	<props>
	<prop key="hibernate.dialect">org.hibernate.dialect.MySQLDialect</prop>
	<prop key="hibernate.show_sql">true</prop>
	<prop key="hibernate.hbm2ddl.auto">update</prop>
	</props>
	</property>
	</bean>
	
	</beans>

